USE db_cmt_library;
GO

BEGIN TRANSACTION;

-- Library Branch
INSERT INTO tbl_LibraryBranch (BranchName, [Address]) VALUES
('Adams Public Library','093 Mccormick Parkway'),
('Albany Public Library (Oregon)','277 Goodland Street'),
('Aloha Community Library','4114 Carey Park'),
('Amity Public Library','71949 Lerdahl Avenue'),
('Arlington Public Library (Oregon)','7806 Saint Paul Junction'),
('Astoria Public Library','34584 Briar Crest Court'),
('Athena Public Library','7340 Anzinger Court'),
('Baker County Public Library','036 Eagan Circle'),
('Bandon Public Library','37 Forest Pass'),
('Banks Public Library','6 Luster Avenue'),
('Bethany-Cedar Mill Library','5178 Springs Way'),
('Beaverton City Library','86 Eastwood Crossing'),
('Beaverton-Murray Scholls Library','4 American Center'),
('Brownsville Community Library','36 Milwaukee Court'),
('Central','464 Hovde Alley'),
('Chetco Community Public Library','73 Hudson Road'),
('Harney County Library','1 Kedzie Hill'),
('Canby Public Library','5838 Eliot Center'),
('Gilliam County Library','7027 Green Ridge Center'),
('Coos Bay Public Library','69852 Pearson Hill'),
('Coquille Public Library','46617 Dryden Circle'),
('Cornelius Public Library','96723 Messerschmidt Hill'),
('Corvallis-Benton County Public Library','37 Graceland Road'),
('Cottage Grove Library','3 Maryland Pass'),
('Dallas Public Library','93576 Blackbird Way'),
('Mary Gilkey Library','9773 Welch Trail'),
('Deschutes Public Library (Oregon)','7 Cambridge Center'),
('Dufur Community Library','57738 Rowland Alley'),
('Echo Public Library','5347 Shoshone Road'),
('Elgin Public Library','6121 Tennyson Plaza'),
('Enterprise Public Library','8 Bartelt Junction'),
('Estacada Public Library','586 Macpherson Center'),
('Eugene Public Library','8380 Vera Avenue'),
('Fairview-Columbia Library','3810 Loeprich Place'),
('Wagner Community Library','30584 Shoshone Circle'),
('Forest Grove City Library','14 Sachtjen Center'),
('Fossil Public Library','2491 Welch Point'),
('Garden Home Community Library','93 Texas Lane'),
('Gladstone Public Library','2109 Kings Hill'),
('Josephine County Library','14 Little Fleur Avenue'),
('Gresham Library','3387 Westend Pass'),
('Rockwood Library','51313 Gerald Alley'),
('Harrisburg Public Library','8328 Waywood Hill'),
('Helix Public Library','0 Bultman Trail'),
('Hermiston Public Library','19071 Vidon Place'),
('Hillsboro Public Library','88 Lawn Drive'),
('Hillsboro Public Library','3 Thompson Alley'),
('Tuality Health Education Center','95563 Esch Hill'),
('Independence Public Library (Oregon)','32185 Johnson Place'),
('Jefferson Public Library','232 Luster Drive'),
('Grant County Library','28 Amoth Terrace'),
('Joseph City Library','75 Texas Junction'),
('Junction City Public Library','33 Roxbury Circle'),
('Klamath County Library','878 Forest Pass'),
('La Grande Public Library','63126 Schmedeman Way'),
('Lake Oswego Public Library','7 Amoth Way'),
('Lakeside Public Library','0807 Ridgeway Road'),
('Lake County Library','76427 Brickson Park Point'),
('Langlois District Library','7957 Russell Park'),
('Lebanon Public Library','5 Springview Parkway'),
('Driftwood Public Library','019 Barby Place'),
('Lowell Public Library','73098 Fairview Street'),
('Lyons Public Library','74785 Green Junction'),
('Jefferson County Library','2 Surrey Road'),
('Southern Wasco County Library','73 Hanover Junction'),
('McMinnville Public Library','5668 Kenwood Circle'),
('Milton-Freewater Public Library','8 Service Circle'),
('Ledding Library','41024 Steensland Plaza'),
('Molalla Public Library','72 Springview Court'),
('Monmouth Public Library','74987 Burrows Way'),
('Sherman County Public Library','5 Milwaukee Terrace'),
('Mt. Angel Public Library','3 Pankratz Drive'),
('Dora Public Library','81328 Montana Court'),
('Flora M Laird Memorial Library','607 Clarendon Lane'),
('Newberg Public Library','37 Johnson Drive'),
('Newport Public Library','63 Kingsford Hill'),
('North Bend Public Library','26 Westend Circle'),
('North Plains Public Library','07985 Vidon Hill'),
('North Powder Public Library','0 Lotheville Point'),
('Nyssa Public Library','74 Roxbury Crossing'),
('Pendleton Public Library','72 Rutledge Point'),
('Pilot Rock Public Library','9 Mitchell Way'),
('Port Orford District Library','039 Laurel Drive'),
('Hazel M. Lewis Library','7806 Donald Center'),
('Crook County Library','0787 Holmberg Crossing'),
('Oakridge Public Library','7423 Truax Plaza'),
('Ontario Community Library','17 Oxford Point'),
('Oregon City Public Library','67565 Kennedy Circle'),
('Rainier City Library','645 Sugar Avenue'),
('Douglas County Library','71469 Merry Way'),
('St. Helens Public Library','18 Merchant Park'),
('Salem Public Library','88156 Tony Place'),
('Sandy Public Library','701 Melody Alley'),
('Scappoose Public Library','8637 Valley Edge Street'),
('Scio Public Library','7464 Sutherland Point'),
('Seaside Public Library','1 Washington Lane'),
('Sheridan Public Library','7303 Northfield Junction'),
('Sherwood Public Library','224 Oriole Way'),
('Spray Public Library','3 David Parkway'),
('Springfield Public Library','087 Weeping Birch Court'),
('Stanfield Public Library','1 Clyde Gallagher Junction'),
('Stayton Public Library','03716 Petterle Street'),
('Clackamas County Library','6 Lillian Plaza'),
('Sharpstown','0944 Crowley Lane'),
('The Dalles-Wasco County Library','742 Nancy Road'),
('Tigard Public Library','9162 Darwin Center'),
('Tillamook County Library','5 Declaration Point'),
('Toledo Public Library','474 Oakridge Trail'),
('Troutdale Library','37976 Maryland Court'),
('Tualatin Public Library','78 Golf View Circle'),
('Ukiah Public Library','1 Park Meadow Lane'),
('Umatilla Public Library','4009 Hallows Junction'),
('Union Carnegie Public Library','6 Schmedeman Point'),
('Emma Humphrey Library','34 Northridge Place'),
('Vernonia Public Library','6021 Welch Crossing'),
('Waldport Public Library','602 Myrtle Circle'),
('Wallowa Public Library','0 Independence Hill'),
('Warrenton Community Library','6 Forest Park'),
('West Linn Public Library','0215 Valley Edge Park'),
('West Slope Community Library','1 Arkansas Drive'),
('Weston Public Library','5 Comanche Crossing'),
('Willamina Public Library','7 Clarendon Road'),
('Wilsonville Public Library','0222 Golf Drive'),
('Woodburn Public Library','1185 Moland Trail'),
('Yachats Public Library','167 Bobwhite Court');

-- Publiser
INSERT INTO tbl_Publisher ( PublisherName, [Address], Phone) VALUES
('Abata','306 Ludington Point','991-459-0733'),
('Agimba','55698 Springview Point','768-991-9363'),
('Ainyx','5 Oriole Parkway','395-149-2907'),
('Avamm','06 Erie Junction','479-957-2219'),
('Avaveo','3 Johnson Drive','461-679-6901'),
('Babbleopia','84 Marquette Way','226-707-8667'),
('Blognation','3 Thackeray Plaza','738-297-7824'),
('Blogpad','555 Loeprich Hill','943-731-2532'),
('Blogtag','9 Elka Circle','472-852-0320'),
('Brainbox','15672 Dunning Pass','914-120-0547'),
('Brainsphere','58511 Ridge Oak Plaza','312-865-6764'),
('Browsetype','56 Loftsgordon Parkway','729-945-9252'),
('Bubbl3tube','0969 Tennyson Terrace','999-931-6049'),
('Bubbletube','8964 Miller Hill','535-185-6329'),
('Centidel','6406 Starling Court','117-297-3676'),
('Centimia','79775 Melody Street','345-758-5045'),
('Centizu','6 Maryland Junction','346-503-4913'),
('Dabfeed','1 Vahlen Hill','929-261-1835'),
('Dabjam','41 Mallard Court','926-795-5471'),
('Dazzlesphere','205 Manufacturers Crossing','441-229-2402'),
('Demizz','65 Comanche Trail','444-928-0287'),
('Devcast','0928 Dorton Alley','799-131-2282'),
('Divape','716 Helena Point','133-325-0005'),
('Dynabox','134 Waubesa Parkway','203-274-1448'),
('Eadel','91257 Fordem Place','327-849-3457'),
('Eare','86 Shasta Park','976-693-8967'),
('Edgeify','54895 Hoard Parkway','370-402-9310'),
('Fivebridge','36 Grover Center','344-645-3371'),
('Fiveclub','6 Heath Parkway','789-841-4418'),
('Flashset','592 Westridge Terrace','930-551-6151'),
('Gabtune','66 Hagan Alley','272-167-2980'),
('Geba','6 Hallows Plaza','113-147-1689'),
('Gevee','373 Mandrake Terrace','423-676-3738'),
('G1gaclub','0 Di Loreto Junction','322-578-2058'),
('Gigaclub','03 Karstens Court','420-901-9515'),
('Innotype','7 Northfield Terrace','763-150-7894'),
('InnoZ','8 Canary Drive','720-412-1334'),
('Jabbercube','1 Mariners Cove Road','111-594-0656'),
('Jabbersphere','18780 Village Junction','714-295-0322'),
('Jabberstorm','90649 Dryden Pass','743-388-1564'),
('Jamia','49231 Walton Alley','130-579-2124'),
('Jaxworks','8307 Cody Court','373-649-2719'),
('Jazzy','2 Summit Street','663-772-5204'),
('JumpXS1','1 Vernon Center','986-245-7350'),
('JumpXS','9 Jackson Plaza','603-353-2304'),
('Kamba','23 Scofield Street','681-777-7858'),
('Katz','5 Mallory Pass','879-199-1841'),
('K1mia','5 Green Ridge Drive','174-807-7624'),
('Kimia','682 Sauthoff Point','449-949-2198'),
('Lazz','04902 Loftsgordon Crossing','271-110-0544'),
('Linkbuzz','42982 Toban Terrace','681-340-0110'),
('Livepath','55 Bayside Crossing','173-977-2712'),
('Meejo','8541 Drewry Circle','742-225-5087'),
('Meembee','5537 Gateway Park','633-587-1793'),
('Meevee1','6 Thackeray Junction','445-365-5554'),
('Meevee2','65 Farmco Way','389-502-2755'),
('Meevee3','7489 Gale Way','655-552-4630'),
('Meeveo4','6 Prentice Avenue','212-723-3207'),
('Mudo','83 Shasta Point','510-681-5794'),
('Muxo','9 Little Fleur Plaza','667-678-4611'),
('Mybuzz1','4 Spaight Drive','436-850-3310'),
('Mybuzz','7 Forest Junction','404-279-1725'),
('Mycat','922 3rd Plaza','809-297-3679'),
('Mydeo','793 Pond Place','868-526-5559'),
('Mynte','014 Donald Way','513-540-7678'),
('Ntag','4452 Thierer Trail','576-659-2991'),
('Oloo','37 Mariners Cove Circle','824-266-0639'),
('Ooba','7604 Northridge Lane','980-397-8703'),
('Photobug4','172 Derek Road','502-685-3532'),
('Photobug','723 Ronald Regan Pass','893-311-5716'),
('Pixoboo','8 Nobel Lane','435-391-2013'),
('Plambee','01270 Prairieview Plaza','704-146-0603'),
('Quamba','2346 Mitchell Street','391-608-5258'),
('Quire','4 Forest Lane','343-913-9771'),
('Realbridge','2603 Corscot Parkway','349-633-5991'),
('Realfire','5431 Thierer Court','667-353-7255'),
('Shuffledrive','4 Coleman Point','719-353-9304'),
('Skibox','650 Anthes Court','149-510-3871'),
('Skidoo','72 Columbus Park','156-336-1685'),
('Skinte','303 Havey Center','852-339-9051'),
('Skippad1','3 Merry Center','176-483-7056'),
('Skippad','89 Hazelcrest Court','418-171-4066'),
('Skyndu','5 Mockingbird Junction','719-190-4706'),
('Skynoodle','0 Mcbride Place','355-738-1474'),
('Tagchat','2099 Myrtle Center','550-406-4894'),
('Tagfeed','4 Ridge Oak Alley','507-697-9717'),
('Tagop1a','2213 North Way','450-136-4455'),
('Tagopia','95599 Kingsford Point','391-260-0187'),
('Tambee','23 Cambridge Pass','152-952-7692'),
('Tanoodle','17053 Cordelia Parkway','748-807-1004'),
('Thoughtb3at','38 Eastwood Park','143-808-9445'),
('Thoughtbeat','69 Sloan Pass','694-972-1769'),
('Topicblab','71 Troy Hill','357-407-7890'),
('Topicstorm','34 Thierer Point','592-435-8337'),
('Topiczoom','14 Thompson Alley','327-656-6150'),
('Trunyx','42 Schmedeman Trail','626-968-7980'),
('Twinte','1 Dawn Park','313-333-9751'),
('Twitterwire','87 8th Park','730-866-7555'),
('V1tz','9508 Quincy Hill','295-602-4431'),
('Vitz','97 Weeping Birch Avenue','935-975-1964'),
('Viva','0 Colorado Hill','699-130-2775'),
('Vool1th','2710 Dexter Trail','749-375-0651'),
('Vo0lith','5790 Grover Street','683-361-4998'),
('Voolith','6266 Cody Drive','286-425-5899'),
('Voonder','4 Meadow Valley Circle','681-429-6653'),
('Wikizz','3 4th Hill','193-449-2523'),
('Word1fy','02882 Marquette Trail','968-171-6984'),
('Wordify','9 Scofield Parkway','838-860-8695'),
('Wordware','004 Vermont Way','117-368-6314'),
('Yakijo','3 Golf View Avenue','214-616-7348'),
('Yodel','25 Declaration Alley','131-910-7985'),
('Yodo','365 Namekagon Terrace','704-801-7440'),
('Yodoo','1975 Burning Wood Pass','616-887-2702'),
('Youopia','60 Maywood Point','501-755-3656'),
('Youspan','7762 Longview Terrace','656-950-8816'),
('Yove0','01 Cardinal Road','468-478-9754'),
('Yoveo','965 Moose Alley','427-509-3716'),
('Zava','4442 Caliangt Pass','354-152-3067'),
('Zazio','75 Iowa Court','838-474-4400'),
('Zoombeat','4 Ryan Circle','462-349-4598'),
('Zoombox','02 Bayside Street','225-451-5312'),
('Zoomlounge','13 Kinsman Plaza','513-889-6843'),
('Zoovu','467 Monument Lane','569-437-0985'),
('Zoox0','62 Mariners Cove Court','134-590-8477'),
('Zooxo','89396 Roxbury Court','139-813-4381');

-- Books
INSERT INTO tbl_Books (Title, PublisherName) VALUES
('Erythromycin','Agimba'),
('up and up ibuprofen pm','Ainyx'),
('Nicotine Polacrilex Coated Mint Flavor','Avamm'),
('Hydroxyzine Pamoate','Avaveo'),
('Modafinil','Babbleopia'),
('The Lost Tribe','Blognation'),
('Talwin','Blogpad'),
('XtraCare Creamy Petroleum Jelly','Blogtag'),
('Famotidine','Brainbox'),
('LEVEL HERBAL MINT FIVE SENSITIVE FORMULA ANTICAVITY','Brainsphere'),
('Glipizide','Browsetype'),
('GABITRIL','Bubbl3tube'),
('Health Mart Aspirin','Bubbletube'),
('Glipizide','Centidel'),
('Gabapentin','Centimia'),
('Potassium Citrate','Centizu'),
('MEDI-FIRST Non-Aspirin','Dabfeed'),
('Nortriptyline Hydrochloride','Dabjam'),
('Morphine sulfate','Dazzlesphere'),
('Aralast','Demizz'),
('EpiPen Jr','Devcast'),
('Childrens Plus Cough and Sore Throat','Divape'),
('Tranxene','Dynabox'),
('Banana Boat','Eadel'),
('Virustat','Abata'),
('Tacrolimus','Agimba'),
('Levothyroxine Sodium','Ainyx'),
('Ceftriaxone Sodium','Avamm'),
('Theophylline','Avaveo'),
('LBEL FILLING EFFECT FOUNDATION SPF 10','Babbleopia'),
('Wormwood','Blognation'),
('Loxapine','Blogpad'),
('Miracle Heel Repair','Blogtag'),
('Lymph Spleen Combo','Brainbox'),
('Perindopril Erbumine','Brainsphere'),
('Clindamycin Hydrochloride','Browsetype'),
('Naproxen Sodium','Bubbl3tube'),
('Treatment Set TS346157','Bubbletube'),
('BLATELLA GERMANICA','Centidel'),
('Calendula','Centimia'),
('Mycophenolic Acid','Centizu'),
('Laser Block 100','Dabfeed'),
('Cetirizine Hydrochloride','Dabjam'),
('Simvastatin','Dazzlesphere'),
('FeverALL Children','Demizz'),
('MULTI PERFECTION MAX','Devcast'),
('Estradiol','Divape'),
('REBIF REBIDOSE','Dynabox'),
('Oxygen','Eadel'),
('Yves Saint Laurent Top Secrets All In One BB','Abata'),
('simply right nicotine','Agimba'),
('Meclizine Hydrochloride','Ainyx'),
('QUDEXY','Avamm'),
('Cor Aurum 6/10 Special Order','Avaveo'),
('Cefoxitin','Babbleopia'),
('Lemon Glycerin','Blognation'),
('Aspirin','Blogpad'),
('Cephalexin','Blogtag'),
('STOOL SOFTENER','Brainbox'),
('Gonal-f','Brainsphere'),
('LBel Paris','Browsetype'),
('Galantamine','Bubbl3tube'),
('Food - Plant Source Apple Malus sp','Bubbletube'),
('ETHYL ALCOHOL','Centidel'),
('Povidone Iodine Plus','Centimia'),
('Secura Protective','Centizu'),
('WellPatch Backache Pain Relief','Dabfeed'),
('Glycopyrrolate','Dabjam'),
('wal tussin cf','Dazzlesphere'),
('Itch Relief','Demizz'),
('Banana Boat Sport Performance','Devcast'),
('INSTANT HAND SANITIZER','Divape'),
('Bethanechol Chloride','Dynabox'),
('Tussin CF','Eadel'),
('MAYINGLONG BEZORNIL HEMORRHOIDAL','Abata'),
('Sulindac','Agimba'),
('Doxycycline Hyclate','Ainyx'),
('METFORMIN HYDROCHLORIDE','Avamm'),
('wal profen cold and sinus','Avaveo'),
('Potassium Chloride','Babbleopia'),
('ChapIce Original SPF 4 Lip Balm','Blognation'),
('Western Family Broad Spectrum SunscreenSPF 50','Blogpad'),
('Naproxen Sodium','Blogtag'),
('Zep Mango Foaming','Brainbox'),
('Metfomin Hydrochloride','Brainsphere'),
('Medicated','Browsetype'),
('Alprazolam','Bubbl3tube'),
('equate childrens pain and fever','Bubbletube'),
('Dolce and Gabbana The Primer Sheer Radiance','Centidel'),
('SINGULAIR','Centimia'),
('Carbon Dioxide','Centizu'),
('Cefoxitin','Dabfeed'),
('OXYGEN','Dabjam'),
('CALCAREA CARBONICA','Dazzlesphere'),
('American Sales Company','Demizz'),
('Dandruff Shampoo','Devcast'),
('Gillette Mach 3 Invisible','Divape'),
('Propranolol Hydrochloride','Dynabox'),
('Velvet Grass','Eadel'),
('Pain Reliever','Abata'),
('Clario Ultra Blue Antibacterial Foaming Skin Cleanser','Agimba'),
('Dexamethasone','Ainyx'),
('Cefepime','Avamm'),
('IVA XANTHIFOLIA POLLEN','Avaveo'),
('Theophylline','Babbleopia'),
('Control Remedy No. 17','Blognation'),
('CEFTRIAXONE','Blogpad'),
('ESIKA Silk Skin SPF 9','Blogtag'),
('Icy Hot Back and Large Areas','Brainbox'),
('Senna S','Brainsphere'),
('Aptiom','Browsetype'),
('DOLORACIN','Bubbl3tube'),
('Helminthosporium sativum','Bubbletube'),
('Ludent','Centidel'),
('RHIZOPUS ARRHIZUS VAR ARRHIZUS','Centimia'),
('VALPROIC ACID','Centizu'),
('Buckwheat','Dabfeed'),
('Indomethacin','Dabjam'),
('Rodan and Fields','Dazzlesphere'),
('COREG','Demizz'),
('Womens Mitchum Clinical Antiperspirant Deodorant','Devcast'),
('Mirapex','Divape'),
('Morning Sickness Relief','Dynabox'),
('Hand Sanitizer','Eadel'), 
('Q Tussin DM','Abata');

INSERT INTO tbl_BookAuthors (BookID, AuthorName) VALUES 
('1','Lyndsay Courvert'),
('2','Wilt Pomphrey'),
('3','Franciskus Bourcq'),
('4','Iain Folbigg'),
('5','Fransisco Beacham'),
('6','Bridgette Ellerton'),
('7','Morganica Massy'),
('8','Cathi Alywin'),
('9','Dillon Iacoviello'),
('10','Winn Rosencwaig'),
('11','Angus Lakin'),
('12','Garland Bickerstasse'),
('13','Purcell Vyel'),
('14','Walton Goodoune'),
('15','Rodge Sustins'),
('16','Herbert Bilham'),
('17','Dorry Stooke'),
('18','Dotty Edmands'),
('19','Sibley Tibbotts'),
('20','Fredra Gosnay'),
('21','Laurette Taggerty'),
('22','Darrin Zywicki'),
('23','Rhianna Howbrook'),
('24','Eryn Slatten'),
('25','Lane Artz'),
('26','Alister Asaaf'),
('27','Max Snipe'),
('28','Jo ann Scyner'),
('29','Ann Gillum'),
('30','Shauna Castledine'),
('31','Sumner Tregenna'),
('32','Marchall Reskelly'),
('33','Stephen King'),
('34','Stephen King'),
('35','Stephen King'),
('36','Roman Finnis'),
('37','Malory Ibberson'),
('38','Gertruda Rohlfing'),
('39','Regine Bruhnsen'),
('40','Lesya Prati'),
('41','Delcina Prigmore'),
('42','Blancha Jagson'),
('43','Linnell Elvish'),
('44','Farrand Shorter'),
('45','Livy Garlette'),
('46','Jarrid Schwerin'),
('47','Nikkie Casali'),
('48','Ebba Van der Velde'),
('49','Jonell Ingliss'),
('50','Lewes Roderick'),
('51','Sharl Everix'),
('52','Augustina Gibbard'),
('53','Raye Clingoe'),
('54','Shelba Perry'),
('55','Matty Scotchbrook'),
('56','Murial Emanulsson'),
('57','Guy Rostron'),
('58','Davidson Velde'),
('59','Siffre Dorrins'),
('60','Ki Gibbett'),
('61','Simonne Keets'),
('62','Kimble Parsisson'),
('63','Helge Sinden'),
('64','Consuela Gladdolph'),
('65','Ora Drummond'),
('66','Dionne Dack'),
('67','Katharine Greene'),
('68','Nicki Mayward'),
('69','Sawyere Dilley'),
('70','Salim Ormes'),
('71','Hube Comoletti'),
('72','Leland Kepe'),
('73','Friedrick Craske'),
('74','Emmy Eads'),
('75','Leonhard Holworth'),
('76','Sybila Carme'),
('77','Alameda Sinnott'),
('78','Rutter Heake'),
('79','Niel Shelmardine'),
('80','Rosalind Siebart'),
('81','Manolo Kinrade'),
('82','Claretta Galland'),
('83','Marshal Shay'),
('84','Cami Element'),
('85','Lanie Anneslie'),
('86','Bernadette Swindle'),
('87','Whit Lynnitt'),
('88','Kendell Larvent'),
('89','Krissie Mence'),
('90','Dale Mesant'),
('91','Rosette Attwood'),
('92','Jessee Havile'),
('93','Ava Sadlier'),
('94','Belvia Doldon'),
('95','Drusilla Johannesson'),
('96','Jacintha Stileman'),
('97','Leif Cuardall'),
('98','Hilliary Dellenbroker'),
('99','Tracy Cudworth'),
('100','Daria Lammiman'),
('101','Anatola Pudsey'),
('102','Violante Orrick'),
('103','Emery Witsey'),
('104','Benjy Igo'),
('105','Enrika Woodyear'),
('106','Gage Franks'),
('107','Townie Fickling'),
('108','Magnum Bramall'),
('109','Jessalin Banes'),
('110','Erinna Rylands'),
('111','Kristo Etherington'),
('112','Nichol Meneely'),
('113','Katha Durie'),
('114','Bernelle Burgess'),
('115','Arny Mee'),
('116','Raimundo Bouette'),
('117','Gonzales Billett'),
('118','Dasha Mawtus'),
('119','Freddy Castane'),
('120','Liv Rohfsen'),
('121','Helli Rizzardo'),
('122','Doroteya McMoyer'),
('123','Seline Wilcocks'),
('124','Derry Hruska'),
('125','Fredelia Moorhouse');


INSERT INTO [dbo].[tbl_Borrower] ([Name] ,[Address],[Phone])     VALUES
('Nikolaos Gilbart','2877 Melvin Trail','562-995-6065'),
('Belia Idel','00 Larry Terrace','959-774-0532'),
('Darlene Bolitho','63 Straubel Alley','215-280-2250'),
('Yetta Wedgbrow','7 Superior Lane','339-215-5571'),
('Franciskus Mackro','700 Village Green Hill','202-809-2832'),
('Kathye Weymont','998 Gale Plaza','843-937-1037'),
('Gayle Cockram','3936 Stoughton Terrace','248-347-6935'),
('Daryn Troth','6 Magdeline Parkway','669-333-1235'),
('Maxy Mendes','0 Magdeline Pass','349-856-9233'),
('Denny McKue','58190 Calypso Place','840-286-6805'),
('Jobi Oxbrow','478 Banding Trail','220-571-1099'),
('Griff Iggo','3 Forest Drive','358-722-1397'),
('Mil Filppetti','2 Prentice Parkway','844-976-5501'),
('Aubrie Chubb','4 Thierer Pass','331-510-6162'),
('Gene Domoney','274 High Crossing Park','271-580-2544'),
('Lucian Jendrich','39082 Lakeland Drive','839-348-6880'),
('Tova Petrasek','27043 Kedzie Pass','907-659-1732'),
('Joice Halkyard','12047 Hanson Center','897-514-7286'),
('Angelika Matuszkiewicz','20 Summit Crossing','895-755-2455'),
('Ediva Madner','781 Victoria Park','290-626-2517'),
('Laney Leggin','97129 Hollow Ridge Hill','646-416-7074'),
('Colan Probin','196 Granby Avenue','369-550-6396'),
('Perri Sheardown','710 Petterle Road','360-370-7801'),
('Sigismund Herety','73806 Tennyson Way','954-837-5053'),
('Norene Kobisch','65 Sutherland Place','256-504-0783'),
('Saxe Cudbertson','6833 Knutson Street','721-969-6496'),
('Wye Cork','8139 Canary Drive','560-768-8117'),
('Indira Kingsbury','468 Straubel Hill','851-833-8041'),
('Gerri Hove','55259 Eliot Lane','659-453-5982'),
('Delcine Caddan','7614 Pawling Center','517-270-6982'),
('Garvin Bordes','13902 Superior Hill','238-589-4519'),
('Jena Inde','31162 Haas Park','188-960-1378'),
('Betteann Roycroft','1 Artisan Circle','463-975-4866'),
('Heddie Arndell','95820 Hovde Alley','676-991-0703'),
('Claudianus Axtell','915 Leroy Junction','614-649-5258'),
('Tobie Hans','860 Packers Avenue','993-428-0843'),
('Clo Clarkin','834 Texas Center','573-604-5944'),
('Merle Brunstan','55 Anniversary Pass','287-247-0153'),
('Crin Dumbrill','64 Hintze Court','217-659-0022'),
('Baxter Dilgarno','8177 Tomscot Junction','978-958-2358'),
('Vale Checkley','3576 Sunnyside Way','464-441-9151'),
('Waldo Reeveley','25409 Sachs Plaza','113-536-6551'),
('Adelice Mont','84495 Butterfield Center','393-319-7798'),
('Lanni Caskey','8 Delaware Junction','390-321-7309'),
('Devin Cowthard','22 Dennis Road','680-623-8149'),
('Easter Plumley','207 Elgar Park','832-144-8838'),
('Shane Koenraad','7 Messerschmidt Road','214-206-9656'),
('Roze Lipscomb','0482 Hovde Road','490-394-5768'),
('Mavis Verecker','5 Victoria Parkway','256-366-4290'),
('Obidiah Pearman','019 Anthes Center','735-579-0168'),
('Bryce Bontoft','1 Tony Point','934-669-9691'),
('Holmes Jobe','6005 Utah Drive','436-852-6852'),
('Betteanne Dewbury','38409 American Ash Circle','595-131-9903'),
('Grete De Beneditti','175 Reinke Street','944-745-6144'),
('Nesta Wollaston','4 Forest Dale Terrace','575-252-7976'),
('Johnny Seignior','6751 Londonderry Point','543-188-3609'),
('Phip Evers','08374 Claremont Point','169-993-4916'),
('Annabell Learoyd','8884 Schiller Way','594-503-5042'),
('Madeline Formilli','19545 Heath Avenue','465-322-4353'),
('Orelee Ferras','2769 Oakridge Terrace','463-593-0221'),
('Emalia Leyland','6305 Brown Street','696-121-7374'),
('Lane Dorrington','2916 Sherman Road','297-345-9471'),
('Kendell Burbage','2 Ryan Court','433-680-4818'),
('Sofia Tippell','90 Melvin Circle','372-450-8000'),
('Pat Janas','7 Sauthoff Place','304-867-4762'),
('Peyter Tickner','901 Westridge Junction','267-404-3497'),
('Asher Sergeaunt','202 Everett Hill','590-862-1168'),
('Karita Kynnd','26 Sommers Circle','279-789-9640'),
('Charmine Livsey','59562 Independence Lane','452-498-7048'),
('Fionnula Swyne','38 Lawn Drive','425-359-0371'),
('Leonanie Klimek','6757 Rieder Way','954-667-7946'),
('Xylina Darbishire','19 Caliangt Lane','122-369-9976'),
('Salaidh Domerque','049 East Avenue','456-483-4370'),
('Rorie Supple','25164 Algoma Trail','188-553-1618'),
('Reed Pavlata','97814 Sauthoff Park','866-964-7241'),
('Cristiano Scholcroft','4 Sutherland Junction','458-780-2864'),
('Giustino Sidey','203 Anzinger Street','985-776-4330'),
('Beverlee Linger','13376 Ryan Court','985-289-1377'),
('Dar Godbehere','14476 Hansons Way','575-626-7402'),
('Vladamir Coop','6635 2nd Trail','718-217-1531'),
('Cher Ubank','5737 Hazelcrest Lane','729-681-5417'),
('Lorens Raw','818 Fordem Alley','752-341-9383'),
('Marjorie Lead','12119 Ronald Regan Crossing','880-303-1864'),
('Thacher Lared','89867 Kipling Avenue','392-573-1995'),
('Hayden Ennor','71 Goodland Crossing','616-267-3857'),
('Saidee Meenan','3 Fairfield Pass','268-596-7006'),
('Erwin Yurivtsev','015 Truax Road','619-513-7719'),
('Muhammad Lowne','530 Continental Avenue','229-661-5917'),
('Leon Darley','656 Pine View Alley','226-803-0650'),
('Roxine Peirson','11 Fallview Place','764-590-1039'),
('Deck Fraschetti','2 Graedel Hill','423-723-2413'),
('Franklin McCarroll','612 Kinsman Terrace','814-788-5622'),
('Matthew Kirke','822 Park Meadow Road','563-389-9720'),
('Gottfried Dungay','24196 Vidon Center','647-984-9190'),
('Lila Creboe','994 Hauk Trail','178-395-6261'),
('Benjamen Patrick','41 Moulton Pass','340-524-9946'),
('Maryanne Vernau','41 Carpenter Terrace','517-116-2056'),
('Ilse Marle','49895 Blaine Place','958-232-2641'),
('Nestor Lohde','624 Browning Lane','627-345-1091'),
('Dana Dufaire','3057 Gerald Center','397-892-1399'),
('Nady Buttfield','64 Commercial Circle','372-297-3448'),
('Erik Reboul','45279 Carey Pass','905-602-6772'),
('Maxy Risbridge','5980 3rd Circle','135-507-7212'),
('Andriana Kenealy','828 Southridge Center','266-512-7022'),
('Samara Boughey','3 Scofield Circle','960-378-7363'),
('Gabriellia Mapholm','041 Arapahoe Alley','464-239-1712'),
('Milly Hairyes','235 Magdeline Avenue','340-144-7034'),
('Lauren Burgise','8044 Comanche Terrace','450-555-8587'),
('Barnabe Milsap','6 Buell Lane','984-103-5625'),
('Haroun Broadfield','7 Pepper Wood Trail','199-791-7890'),
('Eli Jess','59 Kedzie Point','525-890-4055'),
('Odetta Crutchfield','4166 Ryan Junction','798-315-8455'),
('Stafani Boath','668 Porter Junction','802-778-3453'),
('Jaynell Duddan','99352 Sommers Terrace','274-643-3864'),
('Michell Haster','8656 Gulseth Hill','378-730-9005'),
('Tamma Pfeifer','7282 Hoffman Street','761-611-6305'),
('Pamela Still','755 Annamark Center','393-212-5400'),
('Lyndsie Kisar','9983 Beilfuss Place','960-526-0635'),
('Grange Dewis','6 Lakeland Park','949-699-0004'),
('Zsa zsa Emps','6190 Harper Trail','647-773-4343'),
('Gunner Scranney','8 Birchwood Way','384-137-0071'),
('Holden Toun','18637 Waubesa Way','264-555-2953'),
('Trina Winspear','2131 Acker Parkway','119-990-3110'),
('Kylie Billanie','3832 Lotheville Drive','870-275-9364'),
('Inglis Shaudfurth','02377 Stephen Center','628-155-4006');

COMMIT;
